id,firstName,lastName
0,'LAKIA','PENNELLA'
1,'HYMAN','GANZER'
2,'ROCKY','BRICKEL'
3,'GARRY','NANI'
4,'BERTA','CORIATY'
5,'KASHA','COOKUS'
6,'ALEXIS','FINEFROCK'
7,'ROD','ARANAS'
8,'HAROLD','KEPKE'
9,'BRUNA','STARTIN'
10,'ARTHUR','MCNEELEY'
11,'BRADLY','MCCLENNINGHAM'
12,'EDWARDO','CHINAULT'
13,'DELPHIA','HERZING'
14,'FLORIDA','ROTCH'
15,'MARIANO','PORTO'
16,'EUSEBIO','WIDOWSKI'
17,'LANDON','SCARLES'
18,'LESTER','PANOS'
19,'MYRA','LOTTO'
20,'GRETA','ACHTER'
21,'ERYN','BAUGUESS'
22,'GUS','DERKAS'
23,'OLYMPIA','ALBROUGH'
24,'DONTE','KLIMKO'
25,'DAN','DELGUIDICE'
26,'BRENDA','BERS'
27,'JESSICA','SULOUFF'
28,'EMILY','LAURY'
29,'ANTONE','EURICH'
30,'GROVER','MALNAR'
31,'VANDA','QUARTO'
32,'CHRISTIE','PHILBERT'
33,'EMERY','VOLANTE'
34,'CLAYTON','HARDYMAN'
35,'JENNA','MELOT'
36,'JESSIE','JAHR'
37,'DARIUS','HULETTE'
38,'PORTER','STRACK'
39,'TRINIDAD','CHEESE'
40,'LIZETTE','LUTFY'
41,'MYLES','PRIAL'
42,'FAITH','REDEPENNING'
43,'HEATHER','WILLIBRAND'
44,'LEWIS','TRUDEN'
45,'GENE','FULK'
46,'RODGER','KANNEL'
47,'GIUSEPPE','DEVEY'
48,'CLINTON','BOBROW'
49,'TEODORO','MAURER'
50,'TEODORO','MAURER'
51,'LORENA','ROSATI'
52,'STACEY','MINDEN'
53,'CASSAUNDRA','CAPRON'
54,'ELLAN','ANA'
55,'STANFORD','WAEGNER'
56,'GRANT','KNERIEN'
57,'PHEBE','ALMANZA'
58,'RHEA','HELFRITZ'
59,'KERRI','MECHLING'
60,'KATRICE','OXFORD'
61,'KAYLEE','TARZIA'
62,'NATOSHA','STORDAHL'
63,'JONATHON','BURCHAM'
64,'SARAI','BABU'
65,'MARGARITO','QUISPE'
66,'MERIDETH','KU'
67,'ABBEY','ALBERO'
68,'WILLY','ZULLO'
69,'GLENNIS','ROTHMAN'
70,'HOUSTON','WAGERS'
71,'MORTON','SABALA'
72,'LILLI','SEVILLANO'
73,'JOEL','PIGNONE'
74,'TAREN','ROSENDO'
75,'TODD','PANARELLO'
76,'CAPRICE','ISHIBASHI'
77,'TERRY','FANZO'
78,'JERMAINE','RONFELDT'
79,'JERROD','WISWELL'
80,'HERMAN','KUTA'
81,'GLEN','DONIGAN'
82,'ARTHUR','ZELINSKI'
83,'MARCIA','WIXOM'
84,'ROSENDA','SPIKE'
85,'AUGUST','MAEWEATHER'
86,'NELSON','KLESS'
87,'NATHANAEL','HARTFORD'
88,'MARKITA','CARISTO'
89,'DENNY','PERRINO'
90,'IVA','STUART'
91,'HONEY','FOCKE'
92,'FRITZ','SPECTOR'
93,'RICKEY','GALOW'
94,'AUBREY','NORSWORTHY'
95,'WELDON','DEJAEGER'
96,'MARINE','CASMORE'
97,'LEIGHANN','MAZUREK'
98,'DAN','TOSTI'
99,'MARCELLUS','RENIER'
100,'REINALDO','GAUD'
101,'TOMMY','SPEARIN'
102,'JEFFRY','KRULIK'
103,'AUGUST','SHERRANGE'
104,'CATHRYN','ABATIELL'
105,'NOLA','TOODLE'
106,'DORIAN','MASSEY'
107,'MEAGHAN','TALAT'
108,'EFRAIN','GISSLER'
109,'SANDY','CARRUTH'
110,'BURTON','BRESSE'
111,'YUK','EVERITT'
112,'EUGENIO','HOOLEY'
113,'BO','DURAN'
114,'MAXIE','STEBNER'
115,'HERBERT','FRYDAY'
116,'BRIDGET','POWNELL'
117,'RUPERT','HENLY'
118,'SANTANA','SALLE'
119,'HORTENCIA','PICKARD'
120,'WILBUR','SPERAZZA'
121,'ADAM','COVERT'
122,'KASHA','COOKUS'
123,'DEVORAH','VUTURO'
124,'CHARLEEN','CHET'
125,'ERASMO','KLEVER'
126,'MARTY','HILDRED'
127,'REGAN','GATTSHALL'
128,'JARRED','SHARIAT'
129,'CLINT','BONIOL'
130,'TOBY','WEGER'
131,'RUBEN','BLADE'
132,'GARLAND','NORN'
133,'SHAYNE','FROHMAN'
134,'DIONNA','MULE'
135,'THOMAS','ENTWISLE'
136,'AMADO','KRIEGH'
137,'THEOLA','HANUS'
138,'ANNETT','ABRAHAMS'
139,'NICHOLLE','STRICK'
140,'ISREAL','BISHOFF'
141,'ELEASE','SCHLADWEILER'
142,'ALLEN','GABBETT'
143,'PORTER','LELEUX'
144,'MIGUELINA','DUCHARME'
145,'COURTNEY','RELLIHAN'
146,'LIANA','RENSCH'
147,'HONG','CALLICUTT'
148,'RASHAD','BEALLE'
149,'RHEA','ABAJA'
150,'NELL','DEBARDELABEN'
151,'ELMIRA','ATTEBURG'
152,'MORGAN','FERENCE'
153,'SENA','RURY'
154,'JUANITA','FRAILEY'
155,'ROBERT','BURBANK'
156,'DOTTIE','PEDERSON'
157,'MISSY','BECKUM'
158,'EBONY','BORROMEO'
159,'ALYSIA','HOTARD'
160,'TRESSIE','VANDEBRINK'
161,'ROBBY','RICHARD'
162,'REINALDO','MUHLESTEIN'
163,'HERBERT','FRANC'
164,'DOROTHEA','NOAH'
165,'LAKIA','DONAHER'
166,'ELIJAH','STARE'
167,'NEVILLE','SCHLESSELMAN'
168,'EMANUEL','EGELSTON'
169,'PAMELIA','KOLP'
170,'ERYN','BAUGUESS'
171,'CATHRYN','ABATIELL'
172,'PIERRE','CANDON'
173,'SELINA','RANAUDO'
174,'TEODORO','NEIN'
175,'DENNY','FITZGERREL'
176,'CLAIR','ZAVADOSKI'
177,'BOB','KOHS'
178,'QUEEN','KENNETT'
179,'CHERLY','LEHRFELD'
180,'JULIANA','HONEYWELL'
181,'EVITA','KAMROWSKI'
182,'SCOTTIE','PENDLEY'
183,'ANTONINA','VERDINE'
184,'ELWANDA','FURIA'
185,'LENA','LEDOUX'
186,'ARON','KEBEDE'
187,'VIRGIL','ALLENDE'
188,'NANCI','FIGLIOLI'
189,'DWAIN','DEFRANG'
190,'IVA','STUART'
191,'NORBERTO','RISHA'
192,'HAN','VELZEBOER'
193,'ADELAIDE','ZIEBARTH'
194,'LANNY','COSTON'
195,'CHRISTIE','PHILBERT'
196,'FREDRICK','KVETON'
197,'NENA','LEEHY'
198,'JEANMARIE','LABAT'
199,'BRADLY','BAIRAM'
200,'ADELIA','TRIBBY'
